{"_type":"export","__export_format":4,"__export_date":"2022-11-21T11:14:00.033Z","__export_source":"insomnia.desktop.app:v2022.6.0","resources":[{"_id":"req_ad90ab8537ab48fb82952e5ab226a77a","parentId":"fld_03b7d788b41b42c1aa89358e138dc97f","modified":1669028863707,"created":1669028563564,"url":"{{ _.heroku }}/equipament/47","name":"deleteEquipamento","description":"","method":"DELETE","body":{},"parameters":[],"headers":[],"authentication":{},"metaSortKey":-1665750045859,"isPrivate":false,"settingStoreCookies":true,"settingSendCookies":true,"settingDisableRenderRequestBody":false,"settingEncodeUrl":true,"settingRebuildPath":true,"settingFollowRedirects":"global","_type":"request"},{"_id":"fld_03b7d788b41b42c1aa89358e138dc97f","parentId":"fld_7d6ca33a6fda45a2afd4dde9a77e39bd","modified":1669028683324,"created":1669028563537,"name":"Equipamento","description":"","environment":{"heroku_url":"https://infovita.herokuapp.com/"},"environmentPropertyOrder":{"&":["heroku_url"]},"metaSortKey":-1665749250949,"_type":"request_group"},{"_id":"fld_7d6ca33a6fda45a2afd4dde9a77e39bd","parentId":"wrk_de226586409043b09a093d53f5d82ec0","modified":1669028793144,"created":1669028563470,"name":"infovita-deploy","description":"","environment":{"heroku":"https://infovita.herokuapp.com"},"environmentPropertyOrder":{"&":["heroku"]},"metaSortKey":-1652566267089,"_type":"request_group"},{"_id":"wrk_de226586409043b09a093d53f5d82ec0","parentId":null,"modified":1651177189826,"created":1651177189826,"name":"New Document","description":"","scope":"design","_type":"workspace"},{"_id":"req_babf1d4b6de74ee39c41619e3ddde62d","parentId":"fld_03b7d788b41b42c1aa89358e138dc97f","modified":1669029162257,"created":1669028563558,"url":"{{ _.heroku }}/equipment","name":"updateEquipamento","description":"","method":"PUT","body":{"mimeType":"application/json","text":"{\n\t\"id\": 1,\n\t\"name\": \"câmara gama\"\n}"},"parameters":[],"headers":[{"name":"Content-Type","value":"application/json","id":"pair_93abf66e13d549109d0ae1028853e8a6"}],"authentication":{},"metaSortKey":-1665749937959,"isPrivate":false,"settingStoreCookies":true,"settingSendCookies":true,"settingDisableRenderRequestBody":false,"settingEncodeUrl":true,"settingRebuildPath":true,"settingFollowRedirects":"global","_type":"request"},{"_id":"req_31195b6119af4bcd8b7c339533c454d6","parentId":"fld_03b7d788b41b42c1aa89358e138dc97f","modified":1669029161879,"created":1669028563550,"url":"{{ _.heroku }}/equipment","name":"saveEquipamento","description":"","method":"POST","body":{"mimeType":"application/json","text":"{\n\t\"name\": \"Gama câmara\"\n}"},"parameters":[],"headers":[{"name":"Content-Type","value":"application/json"}],"authentication":{},"metaSortKey":-1665749748430,"isPrivate":false,"settingStoreCookies":true,"settingSendCookies":true,"settingDisableRenderRequestBody":false,"settingEncodeUrl":true,"settingRebuildPath":true,"settingFollowRedirects":"global","_type":"request"},{"_id":"req_49ba31718e4b438da175b7eb5e90cf7b","parentId":"fld_03b7d788b41b42c1aa89358e138dc97f","modified":1669029099590,"created":1669028563543,"url":"{{ _.heroku }}/equipment/","name":"findEquipamento","description":"","method":"GET","body":{},"parameters":[],"headers":[],"authentication":{},"metaSortKey":-1665749258263,"isPrivate":false,"settingStoreCookies":true,"settingSendCookies":true,"settingDisableRenderRequestBody":false,"settingEncodeUrl":true,"settingRebuildPath":true,"settingFollowRedirects":"global","_type":"request"},{"_id":"req_daaa0c3ceb964786a35f1c2c8a2ef791","parentId":"fld_2aa6550458334499ae95a8e076a4134c","modified":1669029157981,"created":1669028563600,"url":"{{ _.heroku }}/exam/remove-equipment","name":"unmerge","description":"","method":"DELETE","body":{"mimeType":"application/json","text":"{\n\t\"examId\": 1,\n\t\"equipmentId\": 1\n}"},"parameters":[],"headers":[{"name":"Content-Type","value":"application/json"}],"authentication":{},"metaSortKey":-1667831835650,"isPrivate":false,"settingStoreCookies":true,"settingSendCookies":true,"settingDisableRenderRequestBody":false,"settingEncodeUrl":true,"settingRebuildPath":true,"settingFollowRedirects":"global","_type":"request"},{"_id":"fld_2aa6550458334499ae95a8e076a4134c","parentId":"fld_7d6ca33a6fda45a2afd4dde9a77e39bd","modified":1669028563570,"created":1669028563570,"name":"Exame","description":"","environment":{},"environmentPropertyOrder":null,"metaSortKey":-1665749232184,"_type":"request_group"},{"_id":"req_37df324da3654a34a998ca60112ab463","parentId":"fld_2aa6550458334499ae95a8e076a4134c","modified":1669029158478,"created":1669028563595,"url":"{{ _.heroku }}/exam/add-equipment","name":"merge","description":"","method":"POST","body":{"mimeType":"application/json","text":"{\n\t\"examId\": 2,\n\t\"equipmentId\": 3\n}"},"parameters":[],"headers":[{"name":"Content-Type","value":"application/json"}],"authentication":{},"metaSortKey":-1667828953078,"isPrivate":false,"settingStoreCookies":true,"settingSendCookies":true,"settingDisableRenderRequestBody":false,"settingEncodeUrl":true,"settingRebuildPath":true,"settingFollowRedirects":"global","_type":"request"},{"_id":"req_695f3b74212248c68ccb1068e6c9804f","parentId":"fld_2aa6550458334499ae95a8e076a4134c","modified":1669028937192,"created":1669028563589,"url":"{{ _.heroku }}/exam/1","name":"deleteExame","description":"","method":"DELETE","body":{},"parameters":[],"headers":[],"authentication":{},"metaSortKey":-1665750045859,"isPrivate":false,"settingStoreCookies":true,"settingSendCookies":true,"settingDisableRenderRequestBody":false,"settingEncodeUrl":true,"settingRebuildPath":true,"settingFollowRedirects":"global","_type":"request"},{"_id":"req_daff5bca408247ecb501aa60d78add5e","parentId":"fld_2aa6550458334499ae95a8e076a4134c","modified":1669029159564,"created":1669028563584,"url":"{{ _.heroku }}/exam","name":"updateExame","description":"","method":"PUT","body":{"mimeType":"application/json","text":"{\n\t\"id\": 1,\n\t\"name\": \"Raio x do dente\"\n}"},"parameters":[],"headers":[{"name":"Content-Type","value":"application/json","id":"pair_93abf66e13d549109d0ae1028853e8a6"}],"authentication":{},"metaSortKey":-1665749937959,"isPrivate":false,"settingStoreCookies":true,"settingSendCookies":true,"settingDisableRenderRequestBody":false,"settingEncodeUrl":true,"settingRebuildPath":true,"settingFollowRedirects":"global","_type":"request"},{"_id":"req_c30e1039db6b49fc898b5d4c89372103","parentId":"fld_2aa6550458334499ae95a8e076a4134c","modified":1669029005312,"created":1669028563580,"url":"{{ _.heroku }}/exam","name":"saveExame","description":"","method":"POST","body":{"mimeType":"application/json","text":"{\n\t\"name\": \"raio x dentário\"\n}"},"parameters":[],"headers":[{"name":"Content-Type","value":"application/json"}],"authentication":{},"metaSortKey":-1665749748430,"isPrivate":false,"settingStoreCookies":true,"settingSendCookies":true,"settingDisableRenderRequestBody":false,"settingEncodeUrl":true,"settingRebuildPath":true,"settingFollowRedirects":"global","_type":"request"},{"_id":"req_6bd2c2e9fae242e381fe3b8238e97fa0","parentId":"fld_2aa6550458334499ae95a8e076a4134c","modified":1669028958063,"created":1669028563573,"url":"{{ _.heroku }}/exam","name":"findExame","description":"","method":"GET","body":{},"parameters":[],"headers":[],"authentication":{},"metaSortKey":-1665749258263,"isPrivate":false,"settingStoreCookies":true,"settingSendCookies":true,"settingDisableRenderRequestBody":false,"settingEncodeUrl":true,"settingRebuildPath":true,"settingFollowRedirects":"global","_type":"request"},{"_id":"req_b6c381e9291c488cb77fcd4745811c06","parentId":"fld_0200cd8af7b641cbbc237c820672655f","modified":1669029148255,"created":1669028563522,"url":"{{ _.heroku }}/establishment/remove-equipment","name":"unmerge","description":"","method":"DELETE","body":{"mimeType":"application/json","text":"{\n\t\"establishmentId\": 1,\n\t\"equipmentId\": 1\n}"},"parameters":[],"headers":[{"name":"Content-Type","value":"application/json"}],"authentication":{},"metaSortKey":-1667308693893,"isPrivate":false,"settingStoreCookies":true,"settingSendCookies":true,"settingDisableRenderRequestBody":false,"settingEncodeUrl":true,"settingRebuildPath":true,"settingFollowRedirects":"global","_type":"request"},{"_id":"fld_0200cd8af7b641cbbc237c820672655f","parentId":"fld_7d6ca33a6fda45a2afd4dde9a77e39bd","modified":1669028563479,"created":1669028563479,"name":"Estabelecimento","description":"","environment":{},"environmentPropertyOrder":null,"metaSortKey":-1665749213419,"_type":"request_group"},{"_id":"req_1fdf573d08944122b94dcfd57557ccd6","parentId":"fld_0200cd8af7b641cbbc237c820672655f","modified":1669029149921,"created":1669028563515,"url":"{{ _.heroku }}/establishment/add-equipment","name":"merge","description":"","method":"POST","body":{"mimeType":"application/json","text":"{\n\t\"establishmentId\": 1,\n\t\"equipmentId\": 1,\n\t\"existing\": 5,\n\t\"functional\": 1\n}"},"parameters":[],"headers":[{"name":"Content-Type","value":"application/json"}],"authentication":{},"metaSortKey":-1667045475155,"isPrivate":false,"settingStoreCookies":true,"settingSendCookies":true,"settingDisableRenderRequestBody":false,"settingEncodeUrl":true,"settingRebuildPath":true,"settingFollowRedirects":"global","_type":"request"},{"_id":"req_e1e954095b724877b1ee7380a8adbca3","parentId":"fld_0200cd8af7b641cbbc237c820672655f","modified":1669029150255,"created":1669028563508,"url":"{{ _.heroku }}/establishment","name":"putEstabelecimento","description":"","method":"PUT","body":{"mimeType":"application/json","text":"{\n\t\"id\": 2,\n\t\"name\": \"CBD\",\n\t\"businessName\": \"CENTRO BIONUCLEAR DE DIAGNOSTICO LTDA\",\n\t\"cnes\": \"2323311\",\n\t\"cnpj\": \"74045626000150\",\n\t\"sus\": false,\n\t\"address\": {\n\t\t\"number\": \"489\",\n\t\t\"publicPlace\": \"RUA DES PIRES DE CASTRO\",\n\t\t\"district\": \"CENTRO\",\n\t\t\"complement\": \"SUL\",\n\t\t\"city\": \"TERESINA CITY\",\n\t\t\"placeId\": \"id para a api\"\n\t}\n}"},"parameters":[],"headers":[{"id":"pair_e60a8e767f8a420699cd7cf089e92118","name":"Content-Type","value":"application/json","description":""}],"authentication":{},"metaSortKey":-1665749213619,"isPrivate":false,"settingStoreCookies":true,"settingSendCookies":true,"settingDisableRenderRequestBody":false,"settingEncodeUrl":true,"settingRebuildPath":true,"settingFollowRedirects":"global","_type":"request"},{"_id":"req_e5d626c6bb5a4406b4c11d43116b7ae7","parentId":"fld_0200cd8af7b641cbbc237c820672655f","modified":1669029151144,"created":1669028563483,"url":"{{ _.heroku }}/establishment","name":"saveEstabelecimento","description":"","method":"POST","body":{"mimeType":"application/json","text":"{\n\t\"name\": \"CBD\",\n\t\"businessName\": \"CENTRO BIONUCLEAR DE DIAGNOSTICO LTDA\",\n\t\"cnes\": \"2323311\",\n\t\"cnpj\": \"74045626000150\",\n\t\"sus\": true,\n\t\"address\": {\n\t\t\"number\": \"489\",\n\t\t\"publicPlace\": \"RUA DES PIRES DE CASTRO\",\n\t\t\"district\": \"CENTRO\",\n\t\t\"complement\": \"SUL\",\n\t\t\"city\": \"TERESINA\",\n\t\t\"placeId\": \"id para a api\"\n\t}\n}"},"parameters":[],"headers":[{"id":"pair_e60a8e767f8a420699cd7cf089e92118","name":"Content-Type","value":"application/json","description":""}],"authentication":{},"metaSortKey":-1665749213569,"isPrivate":false,"settingStoreCookies":true,"settingSendCookies":true,"settingDisableRenderRequestBody":false,"settingEncodeUrl":true,"settingRebuildPath":true,"settingFollowRedirects":"global","_type":"request"},{"_id":"req_04fc5363099847c1a9260e4cfae46e44","parentId":"fld_0200cd8af7b641cbbc237c820672655f","modified":1669029042510,"created":1669028563500,"url":"{{ _.heroku }}/establishment/1","name":"deleteEstabelecimento","description":"","method":"DELETE","body":{},"parameters":[],"headers":[],"authentication":{},"metaSortKey":-1665749213519,"isPrivate":false,"settingStoreCookies":true,"settingSendCookies":true,"settingDisableRenderRequestBody":false,"settingEncodeUrl":true,"settingRebuildPath":true,"settingFollowRedirects":"global","_type":"request"},{"_id":"req_21507df1af684a87aa2208a0ffe99709","parentId":"fld_0200cd8af7b641cbbc237c820672655f","modified":1669029023866,"created":1669028563492,"url":"{{ _.heroku }}/establishment/","name":"findEstabelecimento","description":"","method":"GET","body":{},"parameters":[],"headers":[],"authentication":{},"metaSortKey":-1665749213469,"isPrivate":false,"settingStoreCookies":true,"settingSendCookies":true,"settingDisableRenderRequestBody":false,"settingEncodeUrl":true,"settingRebuildPath":true,"settingFollowRedirects":"global","_type":"request"},{"_id":"req_50232e67ced84dbeabff7139fcefa000","parentId":"fld_0200cd8af7b641cbbc237c820672655f","modified":1669029035476,"created":1669028563529,"url":"{{ _.heroku }}/establishment/find-by-exam/","name":"findEstabelecimentosByExame","description":"","method":"GET","body":{},"parameters":[],"headers":[],"authentication":{},"metaSortKey":-1664196711710.5,"isPrivate":false,"settingStoreCookies":true,"settingSendCookies":true,"settingDisableRenderRequestBody":false,"settingEncodeUrl":true,"settingRebuildPath":true,"settingFollowRedirects":"global","_type":"request"},{"_id":"env_9c261584b30be1aecaf93768c5db380ce707a04e","parentId":"wrk_de226586409043b09a093d53f5d82ec0","modified":1662580270442,"created":1651177189875,"name":"Base Environment","data":{},"dataPropertyOrder":{},"color":null,"isPrivate":false,"metaSortKey":1651177189875,"_type":"environment"},{"_id":"jar_9c261584b30be1aecaf93768c5db380ce707a04e","parentId":"wrk_de226586409043b09a093d53f5d82ec0","modified":1666456217785,"created":1651177189884,"name":"Default Jar","cookies":[{"key":"JSESSIONID","value":"0FF45619419F0C1207AC6B2C279D8631","domain":"localhost","path":"/","httpOnly":true,"hostOnly":true,"creation":"2022-09-05T01:00:28.368Z","lastAccessed":"2022-10-22T16:30:17.784Z","id":"24313716613610215"}],"_type":"cookie_jar"},{"_id":"spc_3b5e1707ac264542973cfa8f15825806","parentId":"wrk_de226586409043b09a093d53f5d82ec0","modified":1669028969673,"created":1651177189857,"fileName":"New Document","contents":"","contentType":"yaml","_type":"api_spec"},{"_id":"uts_be7305f0eee6460d958ffed561984730","parentId":"wrk_de226586409043b09a093d53f5d82ec0","modified":1651177189896,"created":1651177189896,"name":"Example Test Suite","_type":"unit_test_suite"}]}